"gc_content","RNA_type","RNA_region","exon_length","distance_to_junction","evolutionary_conservation","DNA_5mer"
0.661691542288557,"lncRNA","intron",0,10.6688849842662,0.0164179104477612,"GGACC"
0.522388059701492,"mRNA","3'UTR",10.7903484967519,9.33091687811462,0.0253731343283582,"TGACC"
0.398009950248756,"mRNA","5'UTR",9.13057056280543,7.59245703726808,0.61592039800995,"GAACA"
0.587064676616915,"mRNA","CDS",7.4262647547021,4.70043971814109,0.422388059701493,"GAACC"
0.621890547263682,"mRNA","CDS",8.44501484586842,5,0.0109452736318408,"GAACT"
0.417910447761194,"mRNA","3'UTR",11.477252323938,11.0396045179538,0.748756218905473,"AAACA"
0.532338308457711,"mRNA","CDS",7.14974711950468,5.52356195605701,0.85771144278607,"AGACA"
0.318407960199005,"mRNA","3'UTR",11.8185821774809,11.4923539451599,0.256716417910448,"TAACT"
0.462686567164179,"lncRNA","intron",0,10.2538474849874,0.082089552238806,"AGACT"
0.348258706467662,"mRNA","intron",0,5.20945336562895,0.254228855721393,"AAACT"
0.45273631840796,"mRNA","3'UTR",12.9127022526479,12.6137894644726,0.727860696517413,"GAACC"
0.308457711442786,"mRNA","3'UTR",12.0872970809192,10.3037807481771,0.814925373134329,"AGACT"
0.343283582089552,"mRNA","3'UTR",11.0967151544885,10.0028150156071,0.453731343283582,"TAACT"
0.756218905472637,"mRNA","3'UTR",9.08480838780436,8.19967234483636,0.118407960199005,"CCAGC"
0.631840796019901,"mRNA","3'UTR",11.173364830849,6.64385618977472,0.389054726368159,"GGACA"
0.522388059701492,"lincRNA","intron",11.4072677642447,12.1389117181427,0.0955223880597015,"TGACT"
0.462686567164179,"mRNA","3'UTR",11.4802853209364,10.9808536063797,0.0641791044776119,"AAACC"
0.643564356435644,"mRNA","5'UTR",9.47775826644389,9.42206476617281,0.0691542288557214,"GGACA"
0.427860696517413,"mRNA","CDS",6.59991284218713,5.24792751344359,0.514925373134328,"GAACT"
0.532338308457711,"mRNA","CDS",11.6402449362223,8.57364718749332,0.697512437810945,"AGACA"
0.766169154228856,"mRNA","CDS",13.1004980884169,9.21431912080077,0.495024875621891,"GGACA"
0.582089552238806,"pseudogene","intron",0,4.16992500144231,0.487064676616916,"GGACC"
0.407960199004975,"mRNA","3'UTR",12.3323163301992,11.7321674256634,0.0303482587064677,"TGACC"
0.45771144278607,"lncRNA","intron",9.73470962022584,6.12928301694497,0.82636815920398,"CCAAA"
0.631840796019901,"mRNA","CDS",9.00468864579363,6.4757334309664,0.361691542288557,"GGACG"
0.582089552238806,"mRNA","5'UTR",9.43462822763673,6.61470984411521,0.247761194029851,"AGACT"
0.427860696517413,"mRNA","CDS",6.52356195605701,5.12928301694497,0.501492537313433,"AGACT"
0.378109452736318,"mRNA","CDS",7.37503943134692,5.28540221886225,0.719402985074627,"AGACC"
0.641791044776119,"mRNA","CDS",10.0056245491939,9.21431912080077,0.804477611940299,"GGACC"
0.462686567164179,"mRNA","intron",9.50382573799575,13.1526017440192,0.887562189054727,"GGACA"
0.631840796019901,"mRNA","CDS",7.48381577726426,4.24792751344359,0.578109452736319,"AGACC"
0.313432835820896,"mRNA","3'UTR",9.74146698640115,8.55842071326866,0.964676616915423,"GGACA"
0.512437810945274,"mRNA","3'UTR",7.66533591718518,3,0.417412935323383,"AGACT"
0.467661691542289,"mRNA","CDS",8.50382573799575,3,0.560696517412935,"TGACT"
0.432835820895522,"mRNA","3'UTR",10.4019461239765,10.0848083878044,0.054726368159204,"AAACC"
0.532338308457711,"mRNA","intron",0,11.0687782779854,0.000497512437810945,"AAACT"
0.527363184079602,"mRNA","CDS",8.61286849729104,4.39231742277876,0.523880597014925,"AGACT"
0.402985074626866,"mRNA","3'UTR",13.4890953154135,13.4673508144876,0.906965174129353,"AGACA"
0.611940298507463,"mRNA","5'UTR",10.4706588740606,9.64925617751731,0.0462686567164179,"AAACA"
0.696517412935323,"mRNA","5'UTR",8.36850646150769,7.67948009950545,0.433333333333333,"TCACT"
0.442786069651741,"mRNA","CDS",7.00375213486111,2.8073549220576,0.647761194029851,"GAACC"
0.482587064676617,"mRNA","3'UTR",11.3143708177052,10.800090987625,0.976616915422886,"GAACT"
0.477611940298507,"mRNA","3'UTR",7.02236781302845,4.32192809488736,0.636318407960199,"TGACC"
0.368159203980099,"mRNA","3'UTR",10.2601354602518,5.08746284125034,0.564676616915423,"GAACC"
0.427860696517413,"mRNA","CDS",7.29462074889163,6.2667865406949,0.782089552238806,"TAACA"
0.72636815920398,"lncRNA","intron",0,10.6202198255075,0.190049751243781,"GGACT"
0.646766169154229,"mRNA","CDS",11.2333200827308,7.8073549220576,0.95771144278607,"GAACC"
0.776119402985075,"mRNA","CDS",9.21836141832033,6.83289001416474,0.575621890547264,"GGACG"
0.592039800995025,"mRNA","5'UTR",9.93516504960369,8.64024493622235,0.0502487562189055,"GGACT"
0.487562189054726,"mRNA","3'UTR",13.2931842307595,11.6816776552097,0.126865671641791,"TGACT"
0.472636815920398,"lncRNA","intron",11.2538474849874,15.0593444608244,0.548756218905473,"AGACC"
0.407960199004975,"mRNA","3'UTR",10.7568342716707,9.56033283421244,0.393532338308458,"TAACA"
0.512437810945274,"mRNA","CDS",10.0701209444768,7.22881869049588,0.335820895522388,"GAACT"
0.447761194029851,"mRNA","3'UTR",13.4391815770525,12.7471439981867,0.122388059701493,"GAACC"
0.36318407960199,"mRNA","3'UTR",10.6040898614692,8.06608919045777,0.43681592039801,"AAACC"
0.437810945273632,"mRNA","3'UTR",11.6054795180617,11.2366122002158,0.0487562189054726,"TGACA"
0.557213930348259,"mRNA","3'UTR",9.08480838780436,7.76155123244448,0,"GGACC"
0.437810945273632,"mRNA","3'UTR",6.70043971814109,4.39231742277876,0.463681592039801,"TAACC"
0.497512437810945,"mRNA","CDS",7,5.08746284125034,0.582089552238806,"AGACC"
0.532338308457711,"mRNA","3'UTR",10.8892504364728,10.2679570844028,0.0661691542288557,"GGACC"
0.552238805970149,"mRNA","CDS",7.59991284218713,2,0.467164179104478,"GGACT"
0.358208955223881,"mRNA","3'UTR",10.8313072438021,10.2573878426927,0.384577114427861,"TAACT"
0.447761194029851,"mRNA","3'UTR",7.73921804589758,5.28540221886225,0.503980099502488,"TAACA"
0.467661691542289,"mRNA","3'UTR",11.6733090755617,9.57364718749332,0.0149253731343284,"TAACA"
0.527363184079602,"mRNA","CDS",6.22881869049588,5.35755200461808,0.503482587064677,"AGACA"
0.447761194029851,"mRNA","3'UTR",10.4342807158825,9.51766938813381,0.00696517412935323,"GAACC"
0.661691542288557,"mRNA","CDS",7.2667865406949,3.4594316186373,0.479601990049751,"GGACC"
0.45273631840796,"mRNA","3'UTR",13.3043513216632,13.1656921523201,0.300497512437811,"AAACT"
0.562189054726368,"mRNA","3'UTR",11.3123157466901,9.85018683764577,0,"GGACA"
0.582089552238806,"mRNA","5'UTR",9.88874324889826,5.61470984411521,0.258706467661691,"GGACC"
0.560606060606061,"lncRNA","intron",7.91886323727459,7.16992500144231,0.00845771144278607,"AAACA"
0.437810945273632,"mRNA","CDS",8.41151098801207,7.11894107272351,0.581592039800995,"TGACC"
0.36318407960199,"mRNA","3'UTR",10.9091430473399,10.7813597135247,0.532338308457711,"GAACA"
0.67,"mRNA","5'UTR",8.23242092717608,5.85798099512757,0.21044776119403,"TGACC"
0.462311557788945,"pseudogene","intron",9.80332391904149,8.10328780841202,0.951243781094527,"AAACT"
0.517412935323383,"mRNA","3'UTR",7.11894107272351,3.70043971814109,0.336318407960199,"GGACA"
0.323383084577114,"mRNA","3'UTR",12.3165643853969,15.0274740907376,0.227860696517413,"AAACT"
0.442786069651741,"mRNA","CDS",7.89481776330794,6.62935662007961,0.390049751243781,"TGACT"
0.432835820895522,"mRNA","intron",12.1789760113745,13.7472489176472,0.0129353233830846,"GGACT"
0.442786069651741,"mRNA","CDS",6.85798099512757,5.70043971814109,0.697014925373134,"GGACT"
0.432835820895522,"mRNA","3'UTR",14.7503929586436,14.4811056614957,0.189054726368159,"TGACA"
0.427860696517413,"lncRNA","intron",0,12.7832028900644,0.104975124378109,"GGAGT"
0.497512437810945,"mRNA","CDS",7.18982455888002,5.61470984411521,0.730348258706468,"TGACA"
0.601990049751244,"mRNA","CDS",12.1275107630564,9.868822554775,0.142786069651741,"AAACC"
0.407960199004975,"lincRNA","intron",0,14.5645663247956,0.00149253731343284,"AAACT"
0.810945273631841,"mRNA","5'UTR",7.78790255939143,6.82017896241519,0.03681592039801,"CCACC"
0.577114427860697,"mRNA","CDS",7.48179943166575,2.32192809488736,0.516417910447761,"GAACC"
0.646766169154229,"mRNA","intron",0,7.19967234483636,0,"ACAGC"
0.661691542288557,"mRNA","5'UTR",8.21674585819531,7.2667865406949,0.897014925373134,"ATAGA"
0.358208955223881,"mRNA","3'UTR",12.6741922681457,12.2363132270428,0.0149253731343284,"AAACT"
0.497512437810945,"mRNA","CDS",6.84549005094437,5.49185309632967,0.570149253731343,"TGACT"
0.45273631840796,"mRNA","CDS",6.91886323727459,5.58496250072116,0.598009950248756,"AAATG"
0.348258706467662,"mRNA","3'UTR",10.9038818457362,10.4083297407674,0.388557213930348,"AAACT"
0.517412935323383,"mRNA","3'UTR",11.1189410727235,9.09539702279256,0.149253731343284,"GGACA"
0.756218905472637,"mRNA","CDS",10.3597495603223,9.00562454919388,0.650746268656716,"GCAGC"
0.532338308457711,"mRNA","CDS",9.41996017784789,4.24792751344359,0.512935323383085,"AGACT"
0.502487562189055,"mRNA","CDS",10.0140204703149,7.07681559705083,0.730845771144279,"TGACA"
0.497512437810945,"mRNA","CDS",6.8073549220576,5.75488750216347,0.596019900497512,"TAACC"
0.492537313432836,"mRNA","CDS",6.65821148275179,5,0.523880597014925,"TAACA"
0.45771144278607,"mRNA","CDS",6.8073549220576,5.16992500144231,0.560199004975124,"TGATC"
